Workbook
Name ExternalData_3: RawData!$A$1

Sheet Universe
A1: Ticker | B1: Tier
A2: IWM | B2: 1
A3: SPY | B3: 1
A4: QQQ | B4: 1
A5: NFLX | B5: 1
A6: AMZN | B6: 1
A7: AAPL | B7: 1
A8: TSLA | B8: 1
A9: META | B9: 1
A10: PLTR | B10: 2
A11: GOOG | B11: 1
A12: MSFT | B12: 1
A13: NVDA | B13: 1
... A61: XLK | B61: 1

Sheet RawData
A1: ExternalData_3

Sheet RawData_Query

Sheet LogicEngine
A1: Ticker | B1: Tier | C1: TierWeight | D1: GammaRegime | E1: DeltaLean | F1: VannaBias | G1: CharmBias | H1: CallWallFlag | I1: PutWallFlag | J1: FlipFlag | K1: BullScore | L1: BearScore | M1: TradeBias | N1: Conviction | O1: Notes
A2: =#REF! -> #REF! | B2: =#REF! -> #REF! | C2: =IF(B2=1,10,IF(B2=2,5,0)) -> #REF! | D2: =IF(#REF!="","", IF(#REF!>0,"Long Gamma","Short Gamma") ) -> #REF! | E2: =IF(#REF!="","", IF(#REF!>0,"Dealers Long (Sell Rips)","Dealers Short (Buy Rips)") ) -> #REF! | F2: =IF(OR(#REF!="",#REF!=""),"", IF(#REF!>0, IF(#REF!>50,"Downside Pressure","Upside Drift"), IF(#REF!>50,"Upside Pressure","Downside Drift") ) ) -> #REF! | G2: =IF(#REF!="","", IF(#REF!<0,"Sell Into Close","Buy Into Close") ) -> #REF! | H2: =IF( #REF!="", FALSE, ABS(#REF! - #REF!) / #REF! < 0.02 ) -> #REF! | I2: =IF( #REF!="", FALSE, ABS(#REF! - #REF!) / #REF! < 0.02 ) -> #REF! | J2: =IF(#REF!="","", IF(#REF! <#REF!,"Below Flip","Above Flip") ) -> #REF! | K2: =IF(#REF!="","", (IF(LogicEngine!$D2="Long Gamma",10,0)) + (IF(#REF!<0,10,0)) + (IF(AND(#REF!<0,#REF!>50),10,0)) + (IF(AND(#REF!>0,#REF!<50),10,0)) + (IF(ABS(#REF! -#REF!)/#REF! < 0.02,5,0)) + (IF(#REF!>#REF!,5,0)) + LogicEngine!$C2 ) -> #REF! | L2: =IF(#REF!="","", (IF(LogicEngine!$D2="Short Gamma",10,0)) + (IF(#REF!>0,10,0)) + (IF(AND(#REF!>0,#REF!>50),10,0)) + (IF(AND(#REF!<0,#REF!<50),10,0)) + (IF(ABS(#REF! -#REF!)/#REF! < 0.02,5,0)) + (IF(#REF!<#REF!,5,0)) + LogicEngine!$C2 ) -> #REF! | M2: =IF(LogicEngine!$K2>LogicEngine!$L2,"Call", IF(LogicEngine!$L2>LogicEngine!$K2,"Put","Avoid") ) -> #REF! | N2: =MAX(LogicEngine!$K2,LogicEngine!$L2) -> #REF! | O2: =IF(LogicEngine!$D2="","", "Bias: " & LogicEngine!$M2 & " | Regime: " & LogicEngine!$D2 & " | Delta: " & LogicEngine!$E2 & " | Vanna: " & LogicEngine!$F2 & " | Charm: " & LogicEngine!$G2 & " | Flip: " & LogicEngine!$J2 ) -> #REF!
A3: =#REF! -> #REF! | B3: =#REF! -> #REF! | C3: 10 | D3: Long Gamma | E3: Dealers Long (Sell Rips) | F3: Upside Drift | G3: Sell Into Close | H3: FALSE | I3: FALSE | J3: Below Flip | K3: 30 | L3: 25 | M3: Call | N3: 30 | O3: Bias: Call | Regime: Long Gamma | Delta: Dealers Long (Sell Rips) | Vanna: Upside Drift | Charm: Sell Into Close | Flip: Below Flip
A4: =#REF! -> #REF! | B4: =#REF! -> #REF! | C4: 10 | D4: Short Gamma | E4: Dealers Long (Sell Rips) | F4: Upside Drift | G4: Sell Into Close | H4: FALSE | I4: FALSE | J4: Below Flip | K4: 20 | L4: 35 | M4: Put | N4: 35 | O4: Bias: Put | Regime: Short Gamma | Delta: Dealers Long (Sell Rips) | Vanna: Upside Drift | Charm: Sell Into Close | Flip: Below Flip
A5: =#REF! -> #REF! | B5: =#REF! -> #REF! | C5: 10 | D5: Long Gamma | E5: Dealers Long (Sell Rips) | F5: Upside Drift | G5: Sell Into Close | H5: FALSE | I5: FALSE | J5: Below Flip | K5: 30 | L5: 25 | M5: Call | N5: 30 | O5: Bias: Call | Regime: Long Gamma | Delta: Dealers Long (Sell Rips) | Vanna: Upside Drift | Charm: Sell Into Close | Flip: Below Flip
A6: =#REF! -> #REF! | B6: =#REF! -> #REF! | C6: 10 | D6: Short Gamma | E6: Dealers Long (Sell Rips) | F6: Upside Drift | G6: Sell Into Close | H6: FALSE | I6: FALSE | J6: Below Flip | K6: 20 | L6: 35 | M6: Put | N6: 35 | O6: Bias: Put | Regime: Short Gamma | Delta: Dealers Long (Sell Rips) | Vanna: Upside Drift | Charm: Sell Into Close | Flip: Below Flip
A7: =#REF! -> #REF! | B7: =#REF! -> #REF! | C7: 10 | D7: Short Gamma | E7: Dealers Long (Sell Rips) | F7: Upside Drift | G7: Sell Into Close | H7: FALSE | I7: FALSE | J7: Below Flip | K7: 20 | L7: 35 | M7: Put | N7: 35 | O7: Bias: Put | Regime: Short Gamma | Delta: Dealers Long (Sell Rips) | Vanna: Upside Drift | Charm: Sell Into Close | Flip: Below Flip
A8: =#REF! -> #REF! | B8: =#REF! -> #REF! | C8: 10 | D8: Short Gamma | E8: Dealers Long (Sell Rips) | F8: Upside Drift | G8: Sell Into Close | H8: FALSE | I8: FALSE | J8: Below Flip | K8: 20 | L8: 35 | M8: Put | N8: 35 | O8: Bias: Put | Regime: Short Gamma | Delta: Dealers Long (Sell Rips) | Vanna: Upside Drift | Charm: Sell Into Close | Flip: Below Flip
A9: =#REF! -> #REF! | B9: =#REF! -> #REF! | C9: 10 | D9: Short Gamma | E9: Dealers Long (Sell Rips) | F9: Upside Drift | G9: Sell Into Close | H9: FALSE | I9: FALSE | J9: Below Flip | K9: 20 | L9: 35 | M9: Put | N9: 35 | O9: Bias: Put | Regime: Short Gamma | Delta: Dealers Long (Sell Rips) | Vanna: Upside Drift | Charm: Sell Into Close | Flip: Below Flip
A10: =#REF! -> #REF! | B10: =#REF! -> #REF! | C10: 5 | D10: Short Gamma | E10: Dealers Long (Sell Rips) | F10: Downside Drift | G10: Sell Into Close | H10: FALSE | I10: FALSE | J10: Below Flip | K10: 5 | L10: 40 | M10: Put | N10: 40 | O10: Bias: Put | Regime: Short Gamma | Delta: Dealers Long (Sell Rips) | Vanna: Downside Drift | Charm: Sell Into Close | Flip: Below Flip
A11: =#REF! -> #REF! | B11: =#REF! -> #REF! | C11: 10 | D11: Long Gamma | E11: Dealers Long (Sell Rips) | F11: Upside Drift | G11: Sell Into Close | H11: FALSE | I11: FALSE | J11: Below Flip | K11: 30 | L11: 25 | M11: Call | N11: 30 | O11: Bias: Call | Regime: Long Gamma | Delta: Dealers Long (Sell Rips) | Vanna: Upside Drift | Charm: Sell Into Close | Flip: Below Flip
A12: =#REF! -> #REF! | B12: =#REF! -> #REF! | C12: 10 | D12: Short Gamma | E12: Dealers Long (Sell Rips) | F12: Upside Drift | G12: Sell Into Close | H12: FALSE | I12: FALSE | J12: Below Flip | K12: 20 | L12: 35 | M12: Put | N12: 35 | O12: Bias: Put | Regime: Short Gamma | Delta: Dealers Long (Sell Rips) | Vanna: Upside Drift | Charm: Sell Into Close | Flip: Below Flip
A13: =#REF! -> #REF! | B13: =#REF! -> #REF! | C13: 10 | D13: Long Gamma | E13: Dealers Long (Sell Rips) | F13: Upside Drift | G13: Sell Into Close | H13: FALSE | I13: FALSE | J13: Above Flip | K13: 35 | L13: 20 | M13: Call | N13: 35 | O13: Bias: Call | Regime: Long Gamma | Delta: Dealers Long (Sell Rips) | Vanna: Upside Drift | Charm: Sell Into Close | Flip: Above Flip
A14: =#REF! -> #REF! | B14: =#REF! -> #REF! | C14: 5 | D14: Long Gamma | E14: Dealers Long (Sell Rips) | F14: Downside Pressure | G14: Sell Into Close | H14: FALSE | I14: FALSE | J14: Below Flip | K14: 15 | L14: 30 | M14: Put | N14: 30 | O14: Bias: Put | Regime: Long Gamma | Delta: Dealers Long (Sell Rips) | Vanna: Downside Pressure | Charm: Sell Into Close | Flip: Below Flip
... A21: =#REF! -> #REF! | B21: =#REF! -> #REF! | C21: 10 | D21: Short Gamma | E21: Dealers Long (Sell Rips) | F21: Downside Pressure | G21: Sell Into Close | H21: FALSE | I21: FALSE | J21: Below Flip | K21: 10 | L21: 45 | M21: Put | N21: 45 | O21: Bias: Put | Regime: Short Gamma | Delta: Dealers Long (Sell Rips) | Vanna: Downside Pressure | Charm: Sell Into Close | Flip: Below Flip
A22: =#REF! -> #REF! | B22: =#REF! -> #REF! | C22: 10 | D22: Short Gamma | E22: Dealers Long (Sell Rips) | G22: Sell Into Close | H22: FALSE | I22: FALSE | J22: Below Flip | K22: 10 | L22: 45 | M22: Put | N22: 45 | O22: Bias: Put | Regime: Short Gamma | Delta: Dealers Long (Sell Rips) | Vanna: | Charm: Sell Into Close | Flip: Below Flip
A23: =#REF! -> #REF! | B23: =#REF! -> #REF! | C23: 10 | D23: Short Gamma | E23: Dealers Long (Sell Rips) | F23: Upside Drift | G23: Sell Into Close | H23: FALSE | I23: FALSE | J23: Below Flip | K23: 20 | L23: 35 | M23: Put | N23: 35 | O23: Bias: Put | Regime: Short Gamma | Delta: Dealers Long (Sell Rips) | Vanna: Upside Drift | Charm: Sell Into Close | Flip: Below Flip
A24: =#REF! -> #REF! | B24: =#REF! -> #REF! | C24: 10 | D24: Long Gamma | E24: Dealers Long (Sell Rips) | F24: Downside Pressure | G24: Sell Into Close | H24: FALSE | I24: FALSE | J24: Below Flip | K24: 20 | L24: 35 | M24: Put | N24: 35 | O24: Bias: Put | Regime: Long Gamma | Delta: Dealers Long (Sell Rips) | Vanna: Downside Pressure | Charm: Sell Into Close | Flip: Below Flip
A25: =#REF! -> #REF! | B25: =#REF! -> #REF! | C25: 10 | D25: Short Gamma | E25: Dealers Short (Buy Rips) | F25: Upside Pressure | G25: Sell Into Close | H25: FALSE | I25: FALSE | J25: Below Flip | K25: 30 | L25: 25 | M25: Call | N25: 30 | O25: Bias: Call | Regime: Short Gamma | Delta: Dealers Short (Buy Rips) | Vanna: Upside Pressure | Charm: Sell Into Close | Flip: Below Flip
A26: =#REF! -> #REF! | B26: =#REF! -> #REF! | C26: 10 | D26: Long Gamma | E26: Dealers Long (Sell Rips) | F26: Downside Pressure | G26: Sell Into Close | H26: TRUE | I26: FALSE | J26: Below Flip | K26: 25 | L26: 35 | M26: Put | N26: 35 | O26: Bias: Put | Regime: Long Gamma | Delta: Dealers Long (Sell Rips) | Vanna: Downside Pressure | Charm: Sell Into Close | Flip: Below Flip
A27: =#REF! -> #REF! | B27: =#REF! -> #REF! | C27: 10 | D27: Short Gamma | E27: Dealers Short (Buy Rips) | F27: Downside Pressure | G27: Sell Into Close | H27: FALSE | I27: FALSE | J27: Below Flip | K27: 20 | L27: 35 | M27: Put | N27: 35 | O27: Bias: Put | Regime: Short Gamma | Delta: Dealers Short (Buy Rips) | Vanna: Downside Pressure | Charm: Sell Into Close | Flip: Below Flip
A28: =#REF! -> #REF! | B28: =#REF! -> #REF! | C28: 0 | D28: Long Gamma | E28: Dealers Long (Sell Rips) | F28: Downside Pressure | G28: Sell Into Close | H28: FALSE | I28: FALSE | J28: Below Flip | K28: 10 | L28: 25 | M28: Put | N28: 25 | O28: Bias: Put | Regime: Long Gamma | Delta: Dealers Long (Sell Rips) | Vanna: Downside Pressure | Charm: Sell Into Close | Flip: Below Flip
A29: =#REF! -> #REF! | B29: =#REF! -> #REF! | C29: 10 | D29: Short Gamma | E29: Dealers Long (Sell Rips) | F29: Upside Pressure | G29: Sell Into Close | H29: TRUE | I29: FALSE | J29: Below Flip | K29: 25 | L29: 35 | M29: Put | N29: 35 | O29: Bias: Put | Regime: Short Gamma | Delta: Dealers Long (Sell Rips) | Vanna: Upside Pressure | Charm: Sell Into Close | Flip: Below Flip
A30: =#REF! -> #REF! | B30: =#REF! -> #REF! | C30: 10 | D30: Short Gamma | E30: Dealers Long (Sell Rips) | F30: Upside Pressure | G30: Buy Into Close | H30: FALSE | I30: FALSE | J30: Below Flip | K30: 20 | L30: 35 | M30: Put | N30: 35 | O30: Bias: Put | Regime: Short Gamma | Delta: Dealers Long (Sell Rips) | Vanna: Upside Pressure | Charm: Buy Into Close | Flip: Below Flip
A31: =#REF! -> #REF! | B31: =#REF! -> #REF! | C31: 10 | D31: Short Gamma | E31: Dealers Long (Sell Rips) | F31: Downside Pressure | G31: Sell Into Close | H31: FALSE | I31: FALSE | J31: Below Flip | K31: 10 | L31: 45 | M31: Put | N31: 45 | O31: Bias: Put | Regime: Short Gamma | Delta: Dealers Long (Sell Rips) | Vanna: Downside Pressure | Charm: Sell Into Close | Flip: Below Flip
A32: =#REF! -> #REF! | B32: =#REF! -> #REF! | C32: 5 | D32: Long Gamma | E32: Dealers Long (Sell Rips) | F32: Downside Pressure | G32: Sell Into Close | H32: FALSE | I32: FALSE | J32: Below Flip | K32: 15 | L32: 30 | M32: Put | N32: 30 | O32: Bias: Put | Regime: Long Gamma | Delta: Dealers Long (Sell Rips) | Vanna: Downside Pressure | Charm: Sell Into Close | Flip: Below Flip
A33: =#REF! -> #REF! | B33: =#REF! -> #REF! | C33: 10 | D33: Long Gamma | E33: Dealers Long (Sell Rips) | F33: Downside Pressure | G33: Sell Into Close | H33: FALSE | I33: FALSE | J33: Above Flip | K33: 25 | L33: 30 | M33: Put | N33: 30 | O33: Bias: Put | Regime: Long Gamma | Delta: Dealers Long (Sell Rips) | Vanna: Downside Pressure | Charm: Sell Into Close | Flip: Above Flip
A34: =#REF! -> #REF! | B34: =#REF! -> #REF! | C34: 5 | D34: Long Gamma | E34: Dealers Long (Sell Rips) | F34: Downside Pressure | G34: Sell Into Close | H34: FALSE | I34: FALSE | J34: Below Flip | K34: 15 | L34: 30 | M34: Put | N34: 30 | O34: Bias: Put | Regime: Long Gamma | Delta: Dealers Long (Sell Rips) | Vanna: Downside Pressure | Charm: Sell Into Close | Flip: Below Flip
... A61: =#REF! -> #REF! | B61: =#REF! -> #REF! | C61: 10 | D61: Short Gamma | E61: Dealers Long (Sell Rips) | F61: Downside Pressure | G61: Sell Into Close | H61: FALSE | I61: FALSE | J61: Below Flip | K61: 10 | L61: 45 | M61: Put | N61: 45 | O61: Bias: Put | Regime: Short Gamma | Delta: Dealers Long (Sell Rips) | Vanna: Downside Pressure | Charm: Sell Into Close | Flip: Below Flip

Sheet Dashboard
